title,authors,year,journal,citations,link,snippet,search_term
Specification tests in econometrics,[],,"JA Hausman - Econometrica: Journal of the econometric society, 1978 - JSTOR",28658,https://www.jstor.org/stable/1913827,… departures from the null hypothesis. An instrumental variable test as well as tests for a time series cross section model and the simultaneous equation model are presented. An empirical …,multiple testing econometrics model selection
New Keynesian economics and the Phillips curve,[],,"JM Roberts - Journal of money, credit and banking, 1995 - JSTOR",1276,https://www.jstor.org/stable/2077783,"… has the advantage of econometric efficiency if the model is … These results suggest that the New Keynesian Phillips curve … To implement the test, I introduced lagged residuals from the …",Phillips Curve residual analysis econometrics
New tests of the new-Keynesian Phillips curve,"[{'name': 'K Whelan', 'link': 'https://scholar.google.com/citations?user=jsFeKTYAAAAJ&hl=en&oi=sra', 'serpapi_scholar_link': 'https://serpapi.com/search.json?author_id=jsFeKTYAAAAJ&engine=google_scholar_author&hl=en', 'author_id': 'jsFeKTYAAAAJ'}]",,"J Rudd, K Whelan - Journal of Monetary Economics, 2005 - Elsevier",689,https://www.sciencedirect.com/science/article/pii/S0304393205000772,"… Phillips curve? Galí and Gertler [1999. Inflation dynamics: a structural econometric analysis. … also consistent with a backward-looking Phillips curve. Using an alternative approach, we …",Phillips Curve residual analysis econometrics
Phillips curve inflation forecasts,"[{'name': 'MW Watson', 'link': 'https://scholar.google.com/citations?user=W2OkFFUAAAAJ&hl=en&oi=sra', 'serpapi_scholar_link': 'https://serpapi.com/search.json?author_id=W2OkFFUAAAAJ&engine=google_scholar_author&hl=en', 'author_id': 'W2OkFFUAAAAJ'}]",,"JH Stock, MW Watson - 2008 - nber.org",666,https://www.nber.org/papers/w14322,"… in the US provided a small improvement over the AO forecast, and the new Keynesian … time variation in the inflation process, in predictive relations, and in Phillips curve forecasts. This is …",Phillips Curve model enhancement methodology
A model selection approach to real-time macroeconomic forecasting using linear models and artificial neural networks,"[{'name': 'NR Swanson', 'link': 'https://scholar.google.com/citations?user=zVXa72QAAAAJ&hl=en&oi=sra', 'serpapi_scholar_link': 'https://serpapi.com/search.json?author_id=zVXa72QAAAAJ&engine=google_scholar_author&hl=en', 'author_id': 'zVXa72QAAAAJ'}]",,"NR Swanson, H White - Review of Economics and Statistics, 1997 - direct.mit.edu",520,https://direct.mit.edu/rest/article-abstract/79/4/540/57032,"… of two nested models. By adopting this model selection approach in a real-time forecasting … of the usefulness of econometric models for predicting macroeconomic variables, but also to …",macroeconomic forecasting model selection
The post-war US Phillips curve: a revisionist econometric history,"[{'name': 'RG King', 'link': 'https://scholar.google.com/citations?user=o5IcxRYAAAAJ&hl=en&oi=sra', 'serpapi_scholar_link': 'https://serpapi.com/search.json?author_id=o5IcxRYAAAAJ&engine=google_scholar_author&hl=en', 'author_id': 'o5IcxRYAAAAJ'}, {'name': 'MW Watson', 'link': 'https://scholar.google.com/citations?user=W2OkFFUAAAAJ&hl=en&oi=sra', 'serpapi_scholar_link': 'https://serpapi.com/search.json?author_id=W2OkFFUAAAAJ&engine=google_scholar_author&hl=en', 'author_id': 'W2OkFFUAAAAJ'}]",,"RG King, MW Watson - Carnegie-Rochester Conference Series on Public …, 1994 - Elsevier",493,https://www.sciencedirect.com/science/article/pii/0167223194000182,… series econometric methodologies. Our history of the Phillips curve and the Phillips correlation is revisionist because it challenges important aspects of the views of each of the …,Phillips Curve residual analysis econometrics
Model selection tests for nonlinear dynamic models,"[{'name': 'D Rivers', 'link': 'https://scholar.google.com/citations?user=3P9X71kAAAAJ&hl=en&oi=sra', 'serpapi_scholar_link': 'https://serpapi.com/search.json?author_id=3P9X71kAAAAJ&engine=google_scholar_author&hl=en', 'author_id': '3P9X71kAAAAJ'}, {'name': 'Q Vuong', 'link': 'https://scholar.google.com/citations?user=Jp-0jdwAAAAJ&hl=en&oi=sra', 'serpapi_scholar_link': 'https://serpapi.com/search.json?author_id=Jp-0jdwAAAAJ&engine=google_scholar_author&hl=en', 'author_id': 'Jp-0jdwAAAAJ'}]",,"D Rivers, Q Vuong - The Econometrics Journal, 2002 - academic.oup.com",402,https://academic.oup.com/ectj/article-abstract/5/1/1/5073365,"… Thus, as in classical nested hypothesis testing, outcomes of the tests provide information on … Our model selection test involves comparing values of T n with critical values of a standard …",multiple testing econometrics model selection
Optimal inflation and the identification of the Phillips curve,"[{'name': 'M McLeay', 'link': 'https://scholar.google.com/citations?user=5vknXg0AAAAJ&hl=en&oi=sra', 'serpapi_scholar_link': 'https://serpapi.com/search.json?author_id=5vknXg0AAAAJ&engine=google_scholar_author&hl=en', 'author_id': '5vknXg0AAAAJ'}, {'name': 'S Tenreyro', 'link': 'https://scholar.google.com/citations?user=vApJ0HwAAAAJ&hl=en&oi=sra', 'serpapi_scholar_link': 'https://serpapi.com/search.json?author_id=vApJ0HwAAAAJ&engine=google_scholar_author&hl=en', 'author_id': 'vApJ0HwAAAAJ'}]",,"M McLeay, S Tenreyro - NBER macroeconomics annual, 2020 - journals.uchicago.edu",359,https://www.journals.uchicago.edu/doi/abs/10.1086/707181,"… econometricians could recover the structural Phillips curve: … residuals from a regression of core CPI inflation on all regressors other than the unemployment rate, against the residuals …",Phillips Curve residual analysis econometrics
A nine-variable probabilistic macroeconomic forecasting model,"[{'name': 'CA Sims', 'link': 'https://scholar.google.com/citations?user=uXNOHdAAAAAJ&hl=en&oi=sra', 'serpapi_scholar_link': 'https://serpapi.com/search.json?author_id=uXNOHdAAAAAJ&engine=google_scholar_author&hl=en', 'author_id': 'uXNOHdAAAAAJ'}]",,"CA Sims - Business cycles, indicators, and forecasting, 1993 - nber.org",347,https://www.nber.org/system/files/chapters/c7192/c7192.pdf,"… forecasting aggregate macroeconomic variables using a small Bayesian vector autoregressive (BVAR) model. The … This paper describes the current form of the model, explains why it …",macroeconomic forecasting model selection
How is machine learning useful for macroeconomic forecasting?,"[{'name': 'P Goulet Coulombe', 'link': 'https://scholar.google.com/citations?user=xtnZTWIAAAAJ&hl=en&oi=sra', 'serpapi_scholar_link': 'https://serpapi.com/search.json?author_id=xtnZTWIAAAAJ&engine=google_scholar_author&hl=en', 'author_id': 'xtnZTWIAAAAJ'}]",,"P Goulet Coulombe, M Leroux… - Journal of Applied …, 2022 - Wiley Online Library",315,https://onlinelibrary.wiley.com/doi/abs/10.1002/jae.2910,"… POOS) forecasting horse race between many models that … selection, and loss function. To create variation around those treatments, we will generate forecast errors from different models …",macroeconomic forecasting model selection
Price expectations and the Phillips curve,[],,"RE Lucas, LA Rapping - The American Economic Review, 1969 - JSTOR",289,https://www.jstor.org/stable/1808963,"… the residual sum of squares and the degrees of freedom under the maintained hypothesis, let SS,, be the residual sum … As reported econometric models go, ours can scarcely be called …",Phillips Curve residual analysis econometrics
Comments on testing economic theories and the use of model selection criteria,"[{'name': 'ML King', 'link': 'https://scholar.google.com/citations?user=Uyh_-SwAAAAJ&hl=en&oi=sra', 'serpapi_scholar_link': 'https://serpapi.com/search.json?author_id=Uyh_-SwAAAAJ&engine=google_scholar_author&hl=en', 'author_id': 'Uyh_-SwAAAAJ'}]",,"CWJ Granger, ML King, H White - Journal of Econometrics, 1995 - Elsevier",245,https://www.sciencedirect.com/science/article/pii/030440769401632A,"… , we no longer have a classical hypothesis testing problem in which the null hypothesis has its special role. Instead we have a model selection problem in which the relative importance …",multiple testing econometrics model selection
Forecasting with real-time macroeconomic data,"[{'name': 'D Croushore', 'link': 'https://scholar.google.com/citations?user=4gzOghMAAAAJ&hl=en&oi=sra', 'serpapi_scholar_link': 'https://serpapi.com/search.json?author_id=4gzOghMAAAAJ&engine=google_scholar_author&hl=en', 'author_id': '4gzOghMAAAAJ'}]",,"D Croushore - Handbook of economic forecasting, 2006 - Elsevier",216,https://www.sciencedirect.com/science/article/pii/S1574070605010177,"… Then we investigate the influence data revisions have on model selection and specification. Finally, we examine the evidence on the predictive content of variables when subject to …",macroeconomic forecasting model selection
Multiple testing and error control in Gaussian graphical model selection,"[{'name': 'M Drton', 'link': 'https://scholar.google.com/citations?user=CjRMyA4AAAAJ&hl=en&oi=sra', 'serpapi_scholar_link': 'https://serpapi.com/search.json?author_id=CjRMyA4AAAAJ&engine=google_scholar_author&hl=en', 'author_id': 'CjRMyA4AAAAJ'}]",,"M Drton, MD Perlman - 2007 - projecteuclid.org",186,https://projecteuclid.org/journals/statistical-science/volume-22/issue-3/Multiple-Testing-and-Error-Control-in-Gaussian-Graphical-Model-Selection/10.1214/088342307000000113.short,"… In this section, we demonstrate multiple testingbased graphical model selection using data … We select graphical models by multiple testing in order to discover the key features of the …",multiple testing econometrics model selection
The predictive content of the output gap for inflation: Resolving in-sample and out-of-sample evidence,"[{'name': 'TE Clark', 'link': 'https://scholar.google.com/citations?user=2pg2mg4AAAAJ&hl=en&oi=sra', 'serpapi_scholar_link': 'https://serpapi.com/search.json?author_id=2pg2mg4AAAAJ&engine=google_scholar_author&hl=en', 'author_id': '2pg2mg4AAAAJ'}, {'name': 'MW McCracken', 'link': 'https://scholar.google.com/citations?user=Dz0fGc4AAAAJ&hl=en&oi=sra', 'serpapi_scholar_link': 'https://serpapi.com/search.json?author_id=Dz0fGc4AAAAJ&engine=google_scholar_author&hl=en', 'author_id': 'Dz0fGc4AAAAJ'}]",,"TE Clark, MW McCracken - Journal of Money, Credit and Banking, 2006 - JSTOR",173,https://www.jstor.org/stable/3839001,… Phillips curve analyses have also explicitly treated forecast performance as a test of model validity… of the relatively weak out-of-sample performance of the Phillips curve can be attributed …,out-of-sample validation Phillips Curve
Econometric model selection: A new approach,[],,AA Grasa - 2013 - books.google.com,166,https://books.google.com/books?hl=en&lr=&id=wwrsCAAAQBAJ&oi=fnd&pg=PA3&dq=multiple+testing+econometrics+model+selection&ots=olzpgo9WWq&sig=pwRaPWTcCI2D9NtE5L_Q1a9gjXA,… The purpose of this book is to present a new model selection procedure that answers those … selection procedures developed in the econometric literature which may be useful in order to …,multiple testing econometrics model selection
Challenges for econometric model selection,"[{'name': 'BE Hansen', 'link': 'https://scholar.google.com/citations?user=FK5wEzkAAAAJ&hl=en&oi=sra', 'serpapi_scholar_link': 'https://serpapi.com/search.json?author_id=FK5wEzkAAAAJ&engine=google_scholar_author&hl=en', 'author_id': 'FK5wEzkAAAAJ'}]",,"BE Hansen - Econometric Theory, 2005 - cambridge.org",162,https://www.cambridge.org/core/journals/econometric-theory/article/challenges-for-econometric-model-selection/EFC343EBB91A7CD60F9A79B0E9A7903F,"… In model selection, we posit a finite class of potential models+ In most treat… models+ Given this assumption, it is natural to ask the model selection procedure to be consistent—to select …",multiple testing econometrics model selection
Structural breaks in financial time series,"[{'name': 'E Andreou', 'link': 'https://scholar.google.com/citations?user=ofrpaqkAAAAJ&hl=en&oi=sra', 'serpapi_scholar_link': 'https://serpapi.com/search.json?author_id=ofrpaqkAAAAJ&engine=google_scholar_author&hl=en', 'author_id': 'ofrpaqkAAAAJ'}, {'name': 'E Ghysels', 'link': 'https://scholar.google.com/citations?user=se30-eEAAAAJ&hl=en&oi=sra', 'serpapi_scholar_link': 'https://serpapi.com/search.json?author_id=se30-eEAAAAJ&engine=google_scholar_author&hl=en', 'author_id': 'se30-eEAAAAJ'}]",,"E Andreou, E Ghysels - Handbook of financial time series, 2009 - Springer",159,https://link.springer.com/chapter/10.1007/978-3-540-71297-8_37,… structural breaks in financial time series for statistical inference purposes. In the third section we discuss change-point tests in financial time series… as single and multiple break tests. The …,Phillips Curve structural breaks time series
What's happened to the Phillips curve?,"[{'name': 'JC Williams', 'link': 'https://scholar.google.com/citations?user=ZOiJvgIAAAAJ&hl=en&oi=sra', 'serpapi_scholar_link': 'https://serpapi.com/search.json?author_id=ZOiJvgIAAAAJ&engine=google_scholar_author&hl=en', 'author_id': 'ZOiJvgIAAAAJ'}]",,"F Brayton, JM Roberts, JC Williams - 1999 - federalreserve.gov",151,https://www.federalreserve.gov/econres/feds/what39s-happened-to-the-phillips-curve.htm,"… with the properties of a standard Phillips curve. We find this result … Two alternative modifications to the standard Phillips curve … augments the standard Phillips curve to include an"" error-…",Phillips Curve residual analysis econometrics
A search for a structural Phillips curve,"[{'name': 'AM Sbordone', 'link': 'https://scholar.google.com/citations?user=stfXOc0AAAAJ&hl=en&oi=sra', 'serpapi_scholar_link': 'https://serpapi.com/search.json?author_id=stfXOc0AAAAJ&engine=google_scholar_author&hl=en', 'author_id': 'stfXOc0AAAAJ'}]",,"TW Cogley, AM Sbordone - 2005 - econstor.eu",149,https://www.econstor.eu/handle/10419/31370,"… In the first, we estimate an unrestricted time series representation for the variables that drive … form as a time-varying V AR, in order to allow for the possibility of structural breaks. The …",Phillips Curve structural breaks time series
Econometric analysis of Fisher's equation,"[{'name': 'PCB Phillips', 'link': 'https://scholar.google.com/citations?user=TBvhBwgAAAAJ&hl=en&oi=sra', 'serpapi_scholar_link': 'https://serpapi.com/search.json?author_id=TBvhBwgAAAAJ&engine=google_scholar_author&hl=en', 'author_id': 'TBvhBwgAAAAJ'}]",,"PCB Phillips - American Journal of Economics and Sociology, 2005 - Wiley Online Library",147,https://onlinelibrary.wiley.com/doi/abs/10.1111/j.1536-7150.2005.00355.x,… Another goal of the paper is to contribute some new methods to assist in the econometric analysis of data of this type. The methods given here furnish a new way of describing and …,Phillips Curve residual analysis econometrics
Econometric evaluation of the New Keynesian Phillips curve,"[{'name': 'G Bårdsen', 'link': 'https://scholar.google.com/citations?user=v9U8aVMAAAAJ&hl=en&oi=sra', 'serpapi_scholar_link': 'https://serpapi.com/search.json?author_id=v9U8aVMAAAAJ&engine=google_scholar_author&hl=en', 'author_id': 'v9U8aVMAAAAJ'}, {'name': 'ES Jansen', 'link': 'https://scholar.google.com/citations?user=F4dnIJIAAAAJ&hl=en&oi=sra', 'serpapi_scholar_link': 'https://serpapi.com/search.json?author_id=F4dnIJIAAAAJ&engine=google_scholar_author&hl=en', 'author_id': 'F4dnIJIAAAAJ'}]",,"G Bårdsen, ES Jansen… - Oxford Bulletin of …, 2004 - Wiley Online Library",146,https://onlinelibrary.wiley.com/doi/abs/10.1111/j.1468-0084.2004.00097.x,"… (iv) If the residual autocorrelation of the NPCMs above are induced by the forward solution … process in the residuals of equation (13). As there is no detectable residual autocorrelation, …",Phillips Curve residual analysis econometrics
Unemployment hysteresis in OECD countries: Centurial time series evidence with structural breaks,"[{'name': 'CC Lee', 'link': 'https://scholar.google.com/citations?user=_MopwkkAAAAJ&hl=en&oi=sra', 'serpapi_scholar_link': 'https://serpapi.com/search.json?author_id=_MopwkkAAAAJ&engine=google_scholar_author&hl=en', 'author_id': '_MopwkkAAAAJ'}, {'name': 'CP Chang', 'link': 'https://scholar.google.com/citations?user=ASejf9sAAAAJ&hl=en&oi=sra', 'serpapi_scholar_link': 'https://serpapi.com/search.json?author_id=ASejf9sAAAAJ&engine=google_scholar_author&hl=en', 'author_id': 'ASejf9sAAAAJ'}]",,"CC Lee, CP Chang - Economic Modelling, 2008 - Elsevier",120,https://www.sciencedirect.com/science/article/pii/S0264999307000843,"… We utilize a new powerful Lagrange Multiplier unit root test that endogenously determines structural breaks in level and/or trend, as proposed by Lee and Strazicich [Lee, J., Strazicich, …",Phillips Curve structural breaks time series
Model selection criteria and model selection tests in regression models,"[{'name': 'T Teräsvirta', 'link': 'https://scholar.google.com/citations?user=KtRoG7gAAAAJ&hl=en&oi=sra', 'serpapi_scholar_link': 'https://serpapi.com/search.json?author_id=KtRoG7gAAAAJ&engine=google_scholar_author&hl=en', 'author_id': 'KtRoG7gAAAAJ'}]",,"T Teräsvirta, I Mellin - Scandinavian Journal of Statistics, 1986 - JSTOR",118,https://www.jstor.org/stable/4616022,"… First, we approximate (5.1) from above and below to demonstrate asymptotic properties of model selection criteria in this multiple comparison situation. We see that (5.1) is the probabil…",multiple testing econometrics model selection
The econometrics of macroeconomic forecasting,"[{'name': 'DF Hendry', 'link': 'https://scholar.google.com/citations?user=Td85eWgAAAAJ&hl=en&oi=sra', 'serpapi_scholar_link': 'https://serpapi.com/search.json?author_id=Td85eWgAAAAJ&engine=google_scholar_author&hl=en', 'author_id': 'Td85eWgAAAAJ'}]",,"DF Hendry - The Economic Journal, 1997 - academic.oup.com",106,https://academic.oup.com/ej/article-abstract/107/444/1330/5064047,"… forecasting is reasonably well developed. However, less is known about forecasting when model … the invariance of forecast accuracy measures to isomorphic model representations; the …",macroeconomic forecasting model selection
The Phillips curve: A revisionist interpretation,[],,"M Desai - Economica, 1975 - JSTOR",102,https://www.jstor.org/stable/2552982,… econometric properties. An understanding of the method leads to an interpretation of the Phillips curve … and the estimate of a derived by averaging the residuals obtained when this …,Phillips Curve residual analysis econometrics
The Phillips curve at the ECB,"[{'name': 'PR Lane', 'link': 'https://scholar.google.com/citations?user=8iXVkrEAAAAJ&hl=en&oi=sra', 'serpapi_scholar_link': 'https://serpapi.com/search.json?author_id=8iXVkrEAAAAJ&engine=google_scholar_author&hl=en', 'author_id': '8iXVkrEAAAAJ'}]",,"F Eser, P Karadi, PR Lane, L Moretti… - The Manchester …, 2020 - Wiley Online Library",101,https://onlinelibrary.wiley.com/doi/abs/10.1111/manc.12339,"… Using a simple empirical approach, Galstyan (2019) includes in a Phillips Curve for the euro area the current account or trade balance as a measure of relative demand imbalance and …",Phillips Curve model enhancement methodology
UK macroeconomic forecasting with many predictors: Which models forecast best and when do they do so?,"[{'name': 'G Koop', 'link': 'https://scholar.google.com/citations?user=pr5F5oQAAAAJ&hl=en&oi=sra', 'serpapi_scholar_link': 'https://serpapi.com/search.json?author_id=pr5F5oQAAAAJ&engine=google_scholar_author&hl=en', 'author_id': 'pr5F5oQAAAAJ'}, {'name': 'D Korobilis', 'link': 'https://scholar.google.com/citations?user=DWc5xn8AAAAJ&hl=en&oi=sra', 'serpapi_scholar_link': 'https://serpapi.com/search.json?author_id=DWc5xn8AAAAJ&engine=google_scholar_author&hl=en', 'author_id': 'DWc5xn8AAAAJ'}]",,"G Koop, D Korobilis - Economic Modelling, 2011 - Elsevier",89,https://www.sciencedirect.com/science/article/pii/S0264999311001076,"… forecasting models to hold at different points in time. In this paper, we use dynamic model averaging and dynamic model selection … attached to different forecasting models as evidence …",macroeconomic forecasting model selection
Oil and US GDP: A real‐time out‐of‐sample examination,"[{'name': 'F Ravazzolo', 'link': 'https://scholar.google.com/citations?user=bXhwBAoAAAAJ&hl=en&oi=sra', 'serpapi_scholar_link': 'https://serpapi.com/search.json?author_id=bXhwBAoAAAAJ&engine=google_scholar_author&hl=en', 'author_id': 'bXhwBAoAAAAJ'}, {'name': 'P Rothman', 'link': 'https://scholar.google.com/citations?user=eVeltvAAAAAJ&hl=en&oi=sra', 'serpapi_scholar_link': 'https://serpapi.com/search.json?author_id=eVeltvAAAAAJ&engine=google_scholar_author&hl=en', 'author_id': 'eVeltvAAAAAJ'}]",,"F Ravazzolo, P Rothman - Journal of Money, Credit and …, 2013 - Wiley Online Library",85,https://onlinelibrary.wiley.com/doi/abs/10.1111/jmcb.12009,"… This is in contrast to testing for finite-sample predictability, which focuses on testing the null hypothesis of equal OOS MSPEs. The finite-sample predictability null will always be rejected …",out-of-sample validation Phillips Curve
"A one covariate at a time, multiple testing approach to variable selection in high‐dimensional linear regression models","[{'name': 'A Chudik', 'link': 'https://scholar.google.com/citations?user=s9CJ03QAAAAJ&hl=en&oi=sra', 'serpapi_scholar_link': 'https://serpapi.com/search.json?author_id=s9CJ03QAAAAJ&engine=google_scholar_author&hl=en', 'author_id': 's9CJ03QAAAAJ'}, {'name': 'G Kapetanios', 'link': 'https://scholar.google.com/citations?user=c5PNNq4AAAAJ&hl=en&oi=sra', 'serpapi_scholar_link': 'https://serpapi.com/search.json?author_id=c5PNNq4AAAAJ&engine=google_scholar_author&hl=en', 'author_id': 'c5PNNq4AAAAJ'}, {'name': 'MH Pesaran', 'link': 'https://scholar.google.com/citations?user=4wHTKPUAAAAJ&hl=en&oi=sra', 'serpapi_scholar_link': 'https://serpapi.com/search.json?author_id=4wHTKPUAAAAJ&engine=google_scholar_author&hl=en', 'author_id': '4wHTKPUAAAAJ'}]",,"A Chudik, G Kapetanios, MH Pesaran - Econometrica, 2018 - Wiley Online Library",79,https://onlinelibrary.wiley.com/doi/abs/10.3982/ECTA14176,"… TO THE LITERATURE by proposing a multiple testing procedure to model selection in high-… procedure is to select an approximating model that encompasses the true model, and does …",multiple testing econometrics model selection
Forecasting exchange rates out-of-sample with panel methods and real-time data,[],,"O Ince - Journal of International Money and Finance, 2014 - Elsevier",76,https://www.sciencedirect.com/science/article/pii/S0261560613001782,"… This paper evaluates out-of-sample exchange rate forecasting with Purchasing Power Parity (… Using bootstrapped out-of-sample test statistics, the exchange rate model with Taylor rule …",out-of-sample validation Phillips Curve
A comprehensive evaluation of macroeconomic forecasting methods,"[{'name': 'A Carriero', 'link': 'https://scholar.google.com/citations?user=wPasUecAAAAJ&hl=en&oi=sra', 'serpapi_scholar_link': 'https://serpapi.com/search.json?author_id=wPasUecAAAAJ&engine=google_scholar_author&hl=en', 'author_id': 'wPasUecAAAAJ'}, {'name': 'AB Galvao', 'link': 'https://scholar.google.com/citations?user=KEl7a7AAAAAJ&hl=en&oi=sra', 'serpapi_scholar_link': 'https://serpapi.com/search.json?author_id=KEl7a7AAAAAJ&engine=google_scholar_author&hl=en', 'author_id': 'KEl7a7AAAAAJ'}, {'name': 'G Kapetanios', 'link': 'https://scholar.google.com/citations?user=c5PNNq4AAAAJ&hl=en&oi=sra', 'serpapi_scholar_link': 'https://serpapi.com/search.json?author_id=c5PNNq4AAAAJ&engine=google_scholar_author&hl=en', 'author_id': 'c5PNNq4AAAAJ'}]",,"A Carriero, AB Galvao, G Kapetanios - International Journal of Forecasting, 2019 - Elsevier",75,https://www.sciencedirect.com/science/article/pii/S0169207019300731,"… that vary with the forecasting horizon, country, model class and … forecasting of GDP growth and inflation, we find that models with large numbers of predictors do not outperform models …",macroeconomic forecasting model selection
Forecasting macroeconomic variables using neural network models and three automated model selection techniques,"[{'name': 'A Bredahl Kock', 'link': 'https://scholar.google.com/citations?user=7DmIb44AAAAJ&hl=en&oi=sra', 'serpapi_scholar_link': 'https://serpapi.com/search.json?author_id=7DmIb44AAAAJ&engine=google_scholar_author&hl=en', 'author_id': '7DmIb44AAAAJ'}, {'name': 'T Teräsvirta', 'link': 'https://scholar.google.com/citations?user=KtRoG7gAAAAJ&hl=en&oi=sra', 'serpapi_scholar_link': 'https://serpapi.com/search.json?author_id=KtRoG7gAAAAJ&engine=google_scholar_author&hl=en', 'author_id': 'KtRoG7gAAAAJ'}]",,"A Bredahl Kock, T Teräsvirta - Econometric Reviews, 2016 - Taylor & Francis",59,https://www.tandfonline.com/doi/abs/10.1080/07474938.2015.1035163,"… In this article we consider macroeconomic forecasting with a flexible nonlinear model, the single-hidden layer feed-forward neural network model that is a universal approximator. We …",macroeconomic forecasting model selection
Econometric model selection with more variables than observations,[],,JA Doornik - 2009 - econ.au.dk,55,https://econ.au.dk/fileadmin/site_files/filer_oekonomi/subsites/creates/Seminar_Papers/2009/Jurgen_Doornik_051109.pdf,"… testing. Then diagnostic tracking ensures that all terminal candidate models also satisfy these tests. … In Autometrics, which is used for all model selection results in this paper, this is a tree …",multiple testing econometrics model selection
An empirical investigation into the effect of unemployment and inflation on economic growth in Nigeria,"[{'name': 'A Umaru', 'link': 'https://scholar.google.com/citations?user=UGKdVdsAAAAJ&hl=en&oi=sra', 'serpapi_scholar_link': 'https://serpapi.com/search.json?author_id=UGKdVdsAAAAJ&engine=google_scholar_author&hl=en', 'author_id': 'UGKdVdsAAAAJ'}, {'name': 'S Musa', 'link': 'https://scholar.google.com/citations?user=MQXQxbwAAAAJ&hl=en&oi=sra', 'serpapi_scholar_link': 'https://serpapi.com/search.json?author_id=MQXQxbwAAAAJ&engine=google_scholar_author&hl=en', 'author_id': 'MQXQxbwAAAAJ'}]",,"A Umaru, M Donga, S Musa - Interdisciplinary Journal of Research …, 2013 - researchgate.net",49,https://www.researchgate.net/profile/Salihu-Musa-3/publication/353021117_An_Empirical_Investigation_into_the_Effect_of_Unemployment_and_Inflation_on_Economic_Growth_in_Nigeria/links/60e483df92851ca944b4f335/An-Empirical-Investigation-into-the-Effect-of-Unemployment-and-Inflation-on-Economic-Growth-in-Nigeria.pdf,… The relationship between unemployment and inflation is also known as the Phillips curve. In … is: to empirically examine the impact of unemployment and inflation on economic growth in …,inflation unemployment relationship empirical
Phillips curve inflation and unemployment: an empirical research for Greece,"[{'name': 'C Dritsaki', 'link': 'https://scholar.google.com/citations?user=soiwNxcAAAAJ&hl=en&oi=sra', 'serpapi_scholar_link': 'https://serpapi.com/search.json?author_id=soiwNxcAAAAJ&engine=google_scholar_author&hl=en', 'author_id': 'soiwNxcAAAAJ'}, {'name': 'M Dritsaki', 'link': 'https://scholar.google.com/citations?user=SHZCuRcAAAAJ&hl=en&oi=sra', 'serpapi_scholar_link': 'https://serpapi.com/search.json?author_id=SHZCuRcAAAAJ&engine=google_scholar_author&hl=en', 'author_id': 'SHZCuRcAAAAJ'}]",,"C Dritsaki, M Dritsaki - International Journal of …, 2013 - inderscienceonline.com",48,https://www.inderscienceonline.com/doi/abs/10.1504/IJCEE.2013.056265,"… However, this relationship appeared to … the relationship between inflation and unemployment in Greece using annual data from 1980 until 2010. To examine the long-run relationship for …",inflation unemployment relationship empirical
Trend inflation and the nature of structural breaks in the New Keynesian Phillips curve,"[{'name': 'CJ Kim', 'link': 'https://scholar.google.com/citations?user=rC9w3W0AAAAJ&hl=en&oi=sra', 'serpapi_scholar_link': 'https://serpapi.com/search.json?author_id=rC9w3W0AAAAJ&engine=google_scholar_author&hl=en', 'author_id': 'rC9w3W0AAAAJ'}, {'name': 'P Manopimoke', 'link': 'https://scholar.google.com/citations?user=ORIDsdIAAAAJ&hl=en&oi=sra', 'serpapi_scholar_link': 'https://serpapi.com/search.json?author_id=ORIDsdIAAAAJ&engine=google_scholar_author&hl=en', 'author_id': 'ORIDsdIAAAAJ'}]",,"CJ Kim, P Manopimoke… - Journal of Money, Credit …, 2014 - Wiley Online Library",46,https://onlinelibrary.wiley.com/doi/abs/10.1111/jmcb.12105,"… Rather, we investigate the nature and the implications of structural breaks in the Phillips curve given earlier, with a focus on the structural breaks on the k parameter and the persistence …",Phillips Curve structural breaks time series
Comparing out-of-sample performance of machine learning methods to forecast US GDP growth,"[{'name': 'S Qureshi', 'link': 'https://scholar.google.com/citations?user=fQBb7mwAAAAJ&hl=en&oi=sra', 'serpapi_scholar_link': 'https://serpapi.com/search.json?author_id=fQBb7mwAAAAJ&engine=google_scholar_author&hl=en', 'author_id': 'fQBb7mwAAAAJ'}]",,"B Chu, S Qureshi - Computational Economics, 2023 - Springer",42,https://link.springer.com/article/10.1007/s10614-022-10312-z,"… , validate, and test a model. Note that we set the same sizes for training, validating, and testing samples in … for training a model, 15 observations for validating this model, and the last four …",out-of-sample validation Phillips Curve
The duration of unemployment and unexpected inflation: an empirical analysis,"[{'name': 'A Björklund', 'link': 'https://scholar.google.com/citations?user=AyGhle0AAAAJ&hl=en&oi=sra', 'serpapi_scholar_link': 'https://serpapi.com/search.json?author_id=AyGhle0AAAAJ&engine=google_scholar_author&hl=en', 'author_id': 'AyGhle0AAAAJ'}]",,"A Björklund, B Holmlund - The American Economic Review, 1981 - JSTOR",35,https://www.jstor.org/stable/1805044,"… rate will increase inflation thereby … empirical validity, at least for the short-term unemployed and for a labor market such as Sweden's. But we have also shown that unexpected inflation …",inflation unemployment relationship empirical
A neural phillips curve and a deep output gap,"[{'name': 'P Goulet Coulombe', 'link': 'https://scholar.google.com/citations?user=xtnZTWIAAAAJ&hl=en&oi=sra', 'serpapi_scholar_link': 'https://serpapi.com/search.json?author_id=xtnZTWIAAAAJ&engine=google_scholar_author&hl=en', 'author_id': 'xtnZTWIAAAAJ'}]",,"P Goulet Coulombe - Journal of Business & Economic Statistics, 2025 - Taylor & Francis",32,https://www.tandfonline.com/doi/abs/10.1080/07350015.2024.2421279,… and comparing predictive performance out-of-sample or out-… This section provides a validation of the new methodology by … The pseudo-out-of-sample period starts in 2008Q1 and ends …,out-of-sample validation Phillips Curve
Breaks in the Phillips curve: Evidence from panel data,"[{'name': 'SC Smith', 'link': 'https://scholar.google.com/citations?user=Li1lNygAAAAJ&hl=en&oi=sra', 'serpapi_scholar_link': 'https://serpapi.com/search.json?author_id=Li1lNygAAAAJ&engine=google_scholar_author&hl=en', 'author_id': 'Li1lNygAAAAJ'}, {'name': 'A Timmermann', 'link': 'https://scholar.google.com/citations?user=38t3MC4AAAAJ&hl=en&oi=sra', 'serpapi_scholar_link': 'https://serpapi.com/search.json?author_id=38t3MC4AAAAJ&engine=google_scholar_author&hl=en', 'author_id': '38t3MC4AAAAJ'}]",,"SC Smith, A Timmermann… - Journal of Applied …, 2025 - Wiley Online Library",31,https://onlinelibrary.wiley.com/doi/abs/10.1002/jae.3102,"… We revisit the Phillips curve, applying new Bayesian panel methods with structural breaks to … The red dotted lines graph the OLS time series estimates for each individual sector, …",Phillips Curve structural breaks time series
"Examining the relationship among unemployment, inflation, and economic growth",[],,"AA Muhammad - Journal of Business and Economic Options, 2023 - resdojournals.com",30,http://resdojournals.com/index.php/jbeo/article/view/237,… the impact of unemployment and inflation on economic growth… findings regarding the relationship between these key … empirically examine the significant impact of unemployment …,inflation unemployment relationship empirical
Responsiveness of unemployment to inflation: Empirical evidence from Nigeria,"[{'name': 'EH Chijindu', 'link': 'https://scholar.google.com/citations?user=7x3TeqUAAAAJ&hl=en&oi=sra', 'serpapi_scholar_link': 'https://serpapi.com/search.json?author_id=7x3TeqUAAAAJ&engine=google_scholar_author&hl=en', 'author_id': '7x3TeqUAAAAJ'}]",,"IG Okafor, EH Chijindu… - International Journal of …, 2016 - academia.edu",21,https://www.academia.edu/download/49082616/Responsivenss_of_unemployment_to_inflation._Empirical_evidence_from_Nigeria..pdf,"… the long-run relationship between inflation and unemployment, and … relationship running from inflation to unemployment, which points to the fact that inflation influenced unemployment. …",inflation unemployment relationship empirical
Periods and structural breaks in US economic history 1959–2007,"[{'name': 'KL Seip', 'link': 'https://scholar.google.com/citations?user=U9R4PRsAAAAJ&hl=en&oi=sra', 'serpapi_scholar_link': 'https://serpapi.com/search.json?author_id=U9R4PRsAAAAJ&engine=google_scholar_author&hl=en', 'author_id': 'U9R4PRsAAAAJ'}]",,"R McNown, KL Seip - Journal of Policy Modeling, 2011 - Elsevier",21,https://www.sciencedirect.com/science/article/pii/S0161893810000505,"… as the Fisher hypothesis and the Phillips curve, with direct implications for economic policy. Finally, we hypothesize that lead and lag features among the time series are consistent over …",Phillips Curve structural breaks time series
Empirical evidence on inflation and unemployment in the long run,"[{'name': 'AA Haug', 'link': 'https://scholar.google.com/citations?user=oXDOyocAAAAJ&hl=en&oi=sra', 'serpapi_scholar_link': 'https://serpapi.com/search.json?author_id=oXDOyocAAAAJ&engine=google_scholar_author&hl=en', 'author_id': 'oXDOyocAAAAJ'}, {'name': 'IP King', 'link': 'https://scholar.google.com/citations?user=a0EF78oAAAAJ&hl=en&oi=sra', 'serpapi_scholar_link': 'https://serpapi.com/search.json?author_id=a0EF78oAAAAJ&engine=google_scholar_author&hl=en', 'author_id': 'a0EF78oAAAAJ'}]",,"AA Haug, IP King - 2011 - mpra.ub.uni-muenchen.de",21,https://mpra.ub.uni-muenchen.de/id/eprint/33409,"… Abstract We examine the relationship between inflation and unemployment in the long run, using … that a positive relationship exists, where inflation leads unemployment by some 3 to 31 …",inflation unemployment relationship empirical
The Phillips curve from the perspective of the history of econometrics,[],,"D Qin - History of Political Economy, 2011 - read.dukeupress.edu",16,https://read.dukeupress.edu/hope/article-abstract/43/suppl_1/283/38587,"… of econometrics through a case study of the Phillips curve, that is, econometric modeling of … It focuses on a number of questions: What econometric tools did modelers choose to use in …",Phillips Curve residual analysis econometrics
Structural breaks in US macroeconomic time series: A bayesian model averaging approach,"[{'name': 'A Check', 'link': 'https://scholar.google.com/citations?user=naINIMgAAAAJ&hl=en&oi=sra', 'serpapi_scholar_link': 'https://serpapi.com/search.json?author_id=naINIMgAAAAJ&engine=google_scholar_author&hl=en', 'author_id': 'naINIMgAAAAJ'}, {'name': 'J Piger', 'link': 'https://scholar.google.com/citations?user=oLVUyHAAAAAJ&hl=en&oi=sra', 'serpapi_scholar_link': 'https://serpapi.com/search.json?author_id=oLVUyHAAAAAJ&engine=google_scholar_author&hl=en', 'author_id': 'oLVUyHAAAAAJ'}]",,"A Check, J Piger - Journal of Money, Credit and Banking, 2021 - Wiley Online Library",15,https://onlinelibrary.wiley.com/doi/abs/10.1111/jmcb.12822,"… evidence for structural breaks in autoregressive models of US macroeconomic time series. … , the number of structural breaks, and the specific parameters that break. We develop a …",Phillips Curve structural breaks time series
A multiple break panel approach to estimating United States Phillips curves,"[{'name': 'B Russell', 'link': 'https://scholar.google.com/citations?user=qBk1kIwAAAAJ&hl=en&oi=sra', 'serpapi_scholar_link': 'https://serpapi.com/search.json?author_id=qBk1kIwAAAAJ&engine=google_scholar_author&hl=en', 'author_id': 'qBk1kIwAAAAJ'}, {'name': 'I Malki', 'link': 'https://scholar.google.com/citations?user=vD6GWQoAAAAJ&hl=en&oi=sra', 'serpapi_scholar_link': 'https://serpapi.com/search.json?author_id=vD6GWQoAAAAJ&engine=google_scholar_author&hl=en', 'author_id': 'vD6GWQoAAAAJ'}, {'name': 'N Ponomareva', 'link': 'https://scholar.google.com/citations?user=whUf5AEAAAAJ&hl=en&oi=sra', 'serpapi_scholar_link': 'https://serpapi.com/search.json?author_id=whUf5AEAAAAJ&engine=google_scholar_author&hl=en', 'author_id': 'whUf5AEAAAAJ'}]",,"B Russell, A Banerjee, I Malki, N Ponomareva - 2010 - discovery.dundee.ac.uk",13,https://discovery.dundee.ac.uk/ws/files/108383/DDPE_232.pdf,"… Phillips curve models using standard, and well understood, fixed effects time series panel … estimation and inference that arise when structural breaks in the series being modelled are not …",Phillips Curve structural breaks time series
Strain and the inflation-unemployment relationship: a conceptual and empirical investigation,"[{'name': 'D Daianu', 'link': 'https://scholar.google.com/citations?user=cRTlpa0AAAAJ&hl=en&oi=sra', 'serpapi_scholar_link': 'https://serpapi.com/search.json?author_id=cRTlpa0AAAAJ&engine=google_scholar_author&hl=en', 'author_id': 'cRTlpa0AAAAJ'}, {'name': 'LL Albu', 'link': 'https://scholar.google.com/citations?user=kOCIADcAAAAJ&hl=en&oi=sra', 'serpapi_scholar_link': 'https://serpapi.com/search.json?author_id=kOCIADcAAAAJ&engine=google_scholar_author&hl=en', 'author_id': 'kOCIADcAAAAJ'}]",,"D Daianu, LL Albu - 1996 - mpra.ub.uni-muenchen.de",13,https://mpra.ub.uni-muenchen.de/id/eprint/14017,… Considering empirical data we can also draw generically the main trends within the … is unemployment-inflation plan; yp is production-inflation plan; and uy represents the unemployment-…,inflation unemployment relationship empirical
"Understanding the interplay of poverty, inflation, and unemployment: An empirical analysis","[{'name': 'MW Khalid', 'link': 'https://scholar.google.com/citations?user=RiGg9YIAAAAJ&hl=en&oi=sra', 'serpapi_scholar_link': 'https://serpapi.com/search.json?author_id=RiGg9YIAAAAJ&engine=google_scholar_author&hl=en', 'author_id': 'RiGg9YIAAAAJ'}, {'name': 'M Sultan', 'link': 'https://scholar.google.com/citations?user=mx83dW8AAAAJ&hl=en&oi=sra', 'serpapi_scholar_link': 'https://serpapi.com/search.json?author_id=mx83dW8AAAAJ&engine=google_scholar_author&hl=en', 'author_id': 'mx83dW8AAAAJ'}]",,"MW Khalid, M Sultan - Journal of Business and Economic …, 2019 - resdojournals.com",13,http://resdojournals.com/index.php/jbeo/article/view/103,"… long-term relationships among poverty, inflation, and unemployment. To achieve this goal, the study utilizes the Autoregressive Distributed Lag (ARDL) approach for empirical analysis. …",inflation unemployment relationship empirical
Strain and inflation-unemployment relationship in transitional economies: a theoretical and empirical investigation,"[{'name': 'LL Albu', 'link': 'https://scholar.google.com/citations?user=kOCIADcAAAAJ&hl=en&oi=sra', 'serpapi_scholar_link': 'https://serpapi.com/search.json?author_id=kOCIADcAAAAJ&engine=google_scholar_author&hl=en', 'author_id': 'kOCIADcAAAAJ'}]",,"LL Albu - Available at SSRN 1566471, 1997 - papers.ssrn.com",12,https://papers.ssrn.com/sol3/papers.cfm?abstract_id=1566471,… a simple model that can give us a measure of the stability-degree of inflationunemployment relationship in European economies. Let S being the sum S of unemployment and inflation: …,inflation unemployment relationship empirical
On the selection of common factors for macroeconomic forecasting,"[{'name': 'T Proietti', 'link': 'https://scholar.google.com/citations?user=-ww11B8AAAAJ&hl=en&oi=sra', 'serpapi_scholar_link': 'https://serpapi.com/search.json?author_id=-ww11B8AAAAJ&engine=google_scholar_author&hl=en', 'author_id': '-ww11B8AAAAJ'}]",,"T Proietti - Dynamic factor models, 2016 - emerald.com",11,https://www.emerald.com/insight/content/doi/10.1108/S0731-905320150000035015/full/html,… Our approach is a particular case of the generalised shrinkage model considered in Stock and Watson (2012b). In the sequel we will assume that the forecasting model does not contain …,macroeconomic forecasting model selection
Cost-based Phillips Curve forecasts of inflation,"[{'name': 'S Mazumder', 'link': 'https://scholar.google.com/citations?user=3vmdf5wAAAAJ&hl=en&oi=sra', 'serpapi_scholar_link': 'https://serpapi.com/search.json?author_id=3vmdf5wAAAAJ&engine=google_scholar_author&hl=en', 'author_id': '3vmdf5wAAAAJ'}]",,"S Mazumder - Journal of Macroeconomics, 2011 - Elsevier",9,https://www.sciencedirect.com/science/article/pii/S0164070411000425,… Stock and Watson (1999) use the Phillips Curve to forecast inflation for a variety of existing … We then use the Phillips Curve to conduct pseudo out-of-sample inflation forecasts for the …,out-of-sample validation Phillips Curve
The Phillips curve: A case study of theory and practice,[],,"K Lawler, I Pavlenko - Вісник Киiвського нацiонального …, 2020 - cyberleninka.ru",6,https://cyberleninka.ru/article/n/the-phillips-curve-a-case-study-of-theory-and-practice,"… , YT is the target level of output which is higher than the natural level ye, this would correspond to a higher inflation level and short run Philips curve shifts upwards , and the process …",Phillips Curve model enhancement methodology
Advances in estimating the Phillips curve,"[{'name': 'H Guirguis', 'link': 'https://scholar.google.com/citations?user=dHn8PEwAAAAJ&hl=en&oi=sra', 'serpapi_scholar_link': 'https://serpapi.com/search.json?author_id=dHn8PEwAAAAJ&engine=google_scholar_author&hl=en', 'author_id': 'dHn8PEwAAAAJ'}]",,"H Guirguis, TS Suen - Journal of Applied Economics, 2022 - Taylor & Francis",4,https://www.tandfonline.com/doi/abs/10.1080/15140326.2022.2045469,"… of the in-sample and out-of-sample forecasts of the Phillips curve with the Core PCE, UIG, and … Table 8 reports the number of breaks by repeatedly testing the null of no breaks against k …",out-of-sample validation Phillips Curve
Variable selection via multiple testing with an application to growth econometrics,[],,"T Deckers, C Hanck - 2010 - researchgate.net",2,https://www.researchgate.net/profile/Christoph-Hanck/publication/228547966_Variable_Selection_via_Multiple_Testing_with_an_Application_to_Growth_Econometrics/links/0912f508fcf6a90ca8000000/Variable-Selection-via-Multiple-Testing-with-an-Application-to-Growth-Econometrics.pdf,"… with those found using other model selection strategies. … as Bayesian Model Averaging, may be sensitive to user choices and … of the multiple testing approach, we believe the selection of …",multiple testing econometrics model selection
Validity of Augmented Philips Curve Hypothesis in Sub Saharan African Countries: Evidence from Rational Expectations of inflation rate,"[{'name': 'OI Ojonta', 'link': 'https://scholar.google.com/citations?user=GLWrf1kAAAAJ&hl=en&oi=sra', 'serpapi_scholar_link': 'https://serpapi.com/search.json?author_id=GLWrf1kAAAAJ&engine=google_scholar_author&hl=en', 'author_id': 'GLWrf1kAAAAJ'}, {'name': 'OE Ogbonna', 'link': 'https://scholar.google.com/citations?user=w0kPP50AAAAJ&hl=en&oi=sra', 'serpapi_scholar_link': 'https://serpapi.com/search.json?author_id=w0kPP50AAAAJ&engine=google_scholar_author&hl=en', 'author_id': 'w0kPP50AAAAJ'}, {'name': 'ER Ukwueze', 'link': 'https://scholar.google.com/citations?user=O-45OX4AAAAJ&hl=en&oi=sra', 'serpapi_scholar_link': 'https://serpapi.com/search.json?author_id=O-45OX4AAAAJ&engine=google_scholar_author&hl=en', 'author_id': 'O-45OX4AAAAJ'}]",,"OI Ojonta, OE Ogbonna, ER Ukwueze - International Journal of …, 2022 - utisgad.org",2,https://utisgad.org/wp-content/uploads/tainacan-items/1854/2690/UTISGAD-2022-2-1-109.pdf,… : first to examine the validity of augmented Philips curve hypothesis. The second to examine … panel estimation approach. A representation of the expectations augmented Philips curve is …,Phillips Curve model enhancement methodology
Time Series Analysis and structural break detection: A case of Zambia's CPI,[],,"E Phiri, W Wang - Economic Policy and Sustainable …, 2022 - books.google.com",2,https://books.google.com/books?hl=en&lr=&id=hW_REAAAQBAJ&oi=fnd&pg=PA91&dq=Phillips+Curve+structural+breaks+time+series&ots=yOpSzYsAua&sig=NycMC8btd5jYdTY3hcW6qVrafoQ,… This study considers structural break in the time series model using Zambia's Consumer Price Index (CPI) for 10 years. The data used in this study is secondary and was obtained from …,Phillips Curve structural breaks time series
An empirical analysis of regional phillips curve with spatial dependence,"[{'name': 'E Lasarte-Navamuel', 'link': 'https://scholar.google.com/citations?user=2X7JB2cAAAAJ&hl=en&oi=sra', 'serpapi_scholar_link': 'https://serpapi.com/search.json?author_id=2X7JB2cAAAAJ&engine=google_scholar_author&hl=en', 'author_id': '2X7JB2cAAAAJ'}]",,"E Lasarte-Navamuel, JL Pérez-Rivero… - Regional Science Policy & …, 2025 - Elsevier",1,https://www.sciencedirect.com/science/article/pii/S1757780224003731,… Phillips Curve. The analysis is carried out through spatial econometric techniques and through a regional approach… The conclusions are that Spanish Phillips Curve is alive but flattened …,Phillips Curve model enhancement methodology
Identifying Structural Break in the Phillips Curve for the Selected Countries: a Dummy Variable Approach,"[{'name': 'R Mustafa', 'link': 'https://scholar.google.com/citations?user=F1UPVyoAAAAJ&hl=en&oi=sra', 'serpapi_scholar_link': 'https://serpapi.com/search.json?author_id=F1UPVyoAAAAJ&engine=google_scholar_author&hl=en', 'author_id': 'F1UPVyoAAAAJ'}]",,"R Mustafa, MS Islam - International journal of Economics, Business …, 2022 - academia.edu",1,https://www.academia.edu/download/95925029/IJEBMR_1050.pdf,… Time series basically observe or studies variables for a long … examine the Phillips curve for selected countries. The simple Phillips curve could be estimated by using following equation: …,Phillips Curve structural breaks time series
The relationship between inflation and unemployment: an empirical approach for the European Union countries,"[{'name': 'K Ulmann', 'link': 'https://scholar.google.com/citations?user=Ht23mcMAAAAJ&hl=en&oi=sra', 'serpapi_scholar_link': 'https://serpapi.com/search.json?author_id=Ht23mcMAAAAJ&engine=google_scholar_author&hl=en', 'author_id': 'Ht23mcMAAAAJ'}]",,"K Ulmann - Zeszyty Studenckie Wydziału …, 2021 - repozytorium.bg.ug.edu.pl",1,https://repozytorium.bg.ug.edu.pl/info/article/UOG2d3caccd313e445481ae9cfe4e8779c3/,"The aim of the article was to prove the existence of an inverse relationship between the variables: unemployment and rate of wage growth. For this purpose, the Eurostat database and …",inflation unemployment relationship empirical
The Existence of Phillips Curve theory in Ethiopia; Depend on Augmented Phillips curve theory Analysis,"[{'name': 'E Sisay', 'link': 'https://scholar.google.com/citations?user=DbyxnNkAAAAJ&hl=en&oi=sra', 'serpapi_scholar_link': 'https://serpapi.com/search.json?author_id=DbyxnNkAAAAJ&engine=google_scholar_author&hl=en', 'author_id': 'DbyxnNkAAAAJ'}]",,"E Sisay - American Journal of Design, 2020 - researchgate.net",1,https://www.researchgate.net/profile/Endashaw-Sirah-2/publication/345764036_Endashaw_Sisay_Sirah/links/5fad0ebe299bf18c5b6a16fe/Endashaw-Sisay-Sirah.pdf,"… of our society welfare enhancement, especially from 2008 … approach to co-integration cre-ated by [9] in arrange to fulfill the objective of the study. The analyst utilized this approach …",Phillips Curve model enhancement methodology
Selection of Macroeconomic Forecasting Models: One Size Fits All?,"[{'name': 'Y Lv', 'link': 'https://scholar.google.com/citations?user=S17LLYwAAAAJ&hl=en&oi=sra', 'serpapi_scholar_link': 'https://serpapi.com/search.json?author_id=S17LLYwAAAAJ&engine=google_scholar_author&hl=en', 'author_id': 'S17LLYwAAAAJ'}]",,"Y Lv - Theoretical Economics Letters, 2017 - scirp.org",1,https://www.scirp.org/journal/paperinformation?paperid=76047,… step-ahead forecasting models as the forecasting horizon increases … one- step-ahead model. The new assumption raises the … The forecasting models selected by my approach may only …,macroeconomic forecasting model selection
THE PHILLIPS CURVE IN DEVELOPING ECONOMIES: A CASE STUDY OF UZBEKISTAN,"[{'name': 'U Yakubjanova', 'link': 'https://scholar.google.com/citations?user=g5gMMzgAAAAJ&hl=en&oi=sra', 'serpapi_scholar_link': 'https://serpapi.com/search.json?author_id=g5gMMzgAAAAJ&engine=google_scholar_author&hl=en', 'author_id': 'g5gMMzgAAAAJ'}]",,"U Yakubjanova - Journal of Modern Educational …, 2024 - scopusacademia.org",0,https://www.scopusacademia.org/index.php/jmea/article/view/1150,"… This enhanced version of the model is widely used by many developed and developing … , the Phillips curve model also has a New Keynesian Phillips Curve (NKPC) approach, which …",Phillips Curve model enhancement methodology
REVISITING THE PHILLIPS CURVE: UNDERSTANDING THE UPWARD CURVE IN THE BANGLADESH CONTEXT,[],,"S Dey - Journal of SUB, 2024 - sub.edu.bd",0,https://sub.edu.bd/journal/index.php/jsub/article/view/1,"… Phillips curve observed instead. The study utilizes a variety of statistical and econometric methodologies to … system to support entrepreneurship, and enhancing both public and private …",Phillips Curve model enhancement methodology
Non-linear Phillips Curve for India: Evidence from Explainable Machine Learning,"[{'name': 'B Pratap', 'link': 'https://scholar.google.com/citations?user=GH4PpzEAAAAJ&hl=en&oi=sra', 'serpapi_scholar_link': 'https://serpapi.com/search.json?author_id=GH4PpzEAAAAJ&engine=google_scholar_author&hl=en', 'author_id': 'GH4PpzEAAAAJ'}, {'name': 'A Pawar', 'link': 'https://scholar.google.com/citations?user=wkWyZdMAAAAJ&hl=en&oi=sra', 'serpapi_scholar_link': 'https://serpapi.com/search.json?author_id=wkWyZdMAAAAJ&engine=google_scholar_author&hl=en', 'author_id': 'wkWyZdMAAAAJ'}, {'name': 'S Sengupta', 'link': 'https://scholar.google.com/citations?user=v7aqaH8AAAAJ&hl=en&oi=sra', 'serpapi_scholar_link': 'https://serpapi.com/search.json?author_id=v7aqaH8AAAAJ&engine=google_scholar_author&hl=en', 'author_id': 'v7aqaH8AAAAJ'}]",,"B Pratap, A Pawar, S Sengupta - Computational Economics, 2025 - Springer",0,https://link.springer.com/article/10.1007/s10614-025-10942-z,"… of the Phillips curve for India. We then undertake a pseudo out-of-sample forecasting … Empirical validity of the Phillips curve, however, has been debated. Influential studies such …",out-of-sample validation Phillips Curve
